{
  "children": {
    "precision": 0.7197452229299363,
    "recall": 0.565,
    "f1-score": 0.6330532212885154,
    "support": 200.0
  },
  "comics_graphic": {
    "precision": 0.9090909090909091,
    "recall": 0.75,
    "f1-score": 0.821917808219178,
    "support": 200.0
  },
  "fantasy_paranormal": {
    "precision": 0.36220472440944884,
    "recall": 0.23,
    "f1-score": 0.28134556574923547,
    "support": 200.0
  },
  "history_biography": {
    "precision": 0.5301204819277109,
    "recall": 0.66,
    "f1-score": 0.5879732739420935,
    "support": 200.0
  },
  "mystery_thriller_crime": {
    "precision": 0.6597222222222222,
    "recall": 0.475,
    "f1-score": 0.5523255813953488,
    "support": 200.0
  },
  "poetry": {
    "precision": 0.8082901554404145,
    "recall": 0.78,
    "f1-score": 0.7938931297709924,
    "support": 200.0
  },
  "romance": {
    "precision": 0.4634920634920635,
    "recall": 0.73,
    "f1-score": 0.566990291262136,
    "support": 200.0
  },
  "young_adult": {
    "precision": 0.34,
    "recall": 0.425,
    "f1-score": 0.37777777777777777,
    "support": 200.0
  },
  "accuracy": 0.576875,
  "macro avg": {
    "precision": 0.5990832224390881,
    "recall": 0.576875,
    "f1-score": 0.5769095811756597,
    "support": 1600.0
  },
  "weighted avg": {
    "precision": 0.5990832224390882,
    "recall": 0.576875,
    "f1-score": 0.5769095811756596,
    "support": 1600.0
  }
}